Sequence;Multiple properties model;Method without RNN
FFLYY;45,84;56,52
FFLYYKK;69,51;82,61
FNYFLQYYGYQNTG;51,35;75,36
FYFQYY;35,27;56,52
FYFQYYKK;40,24;56,52
FYFYY;48,72;82,61
KYFFLY;57,68;82,61
KYFFLYKK;53,79;82,61
KYFFQY;70,81;49,28
KYFLFFYY;46,65;84,06
KYFLFFYYKK;92,61;82,61
KYFLFFYYRR;93,47;82,61
KYFNYQGQY;79,98;28,99
KYFNYQGQYKK;80,16;39,13
KYLFFQTY;74,74;56,52
NQYYQN;52,37;11,59
NYQGQY;78,74;7,25
YFLQY;54,23;36,23
YYLFF;82,92;76,81
YYLFFKK;26,33;76,81
YYLFFNYQGQTNGY;80,97;73,91
YYNQQNY;93,92;8,7
