Sekvenca;Model svih svojstava ansambl;Metoda bez RNN-a
FFLYY;89,52;56,52
FFLYYKK;95,69;82,61
FNYFLQYYGYQNTG;94,57;75,36
FYFQYY;78,68;56,52
FYFQYYKK;95,48;56,52
FYFYY;90,62;82,61
KYFFLY;87,86;82,61
KYFFLYKK;95,51;82,61
KYFFQY;78,14;49,28
KYFLFFYY;87,69;84,06
KYFLFFYYKK;95,34;82,61
KYFLFFYYRR;95,65;82,61
KYFNYQGQY;80,8;28,99
KYFNYQGQYKK;90,91;39,13
KYLFFQTY;88,78;56,52
NQYYQN;36,12;11,59
NYQGQY;47,53;7,25
YFLQY;92,95;36,23
YYLFF;86,57;76,81
YYLFFKK;95,67;76,81
YYLFFNYQGQTNGY;80,39;73,91
YYNQQNY;25,07;8,7
