peptide_sequence;peptide_label
KAAGG;0
PLVKA;0
QIMRW;0
RITTR;0
PFTTR;0
RITWI;0
TTSGHTDTT;0
TGTHTSTDT;0
AASGHADAA;0
AGAHASADA;0
KIKQII;0
KIKIQI;0
VKVKVKVKVDPPTKVEVKVKV;0
VKVKVKVK;0
SWVIIE;0
STYIIE;0
STVVIE;0
STVSIE;0
STVQIE;0
STVPIE;0
STVMIE;0
STVIWE;0
STVIVE;0
STVITE;0
STVISE;0
STVIQE;0
STVIPE;0
STVINE;0
STVIME;0
STVILE;0
STVIIP;0
STVIGE;0
STVIEE;0
STVIDE;0
STVIAE;0
STVGIE;0
STVDIE;0
STVAIE;0
STTIIE;0
STPIIE;0
STMIIE;0
STIIIE;0
STGIIE;0
STDIIE;0
STAIIE;0
SPVIIE;0
PTVIIE;0
KTVLIE;0
KTVIYE;0
KTVIVE;0
KTVIIT;0
KTVIIE;0
YYTEFT;0
YVSGFH;0
WSFYLL;0
VYSRHP;0
VTLSQP;0
VKWDRD;0
TEFTPT;0
SRHPAE;0
SGFHPS;0
SDLSFS;0
RVNHVT;0
RTPKIQ;0
QPKIVK;0
PTEKDE;0
PSDIEV;0
PKIQVY;0
NGKSNF;0
NGERIE;0
LSQPKI;0
LSFSKD;0
LKNGER;0
KWDRDM;0
KVEHSD;0
KSNFLN;0
IQVYSR;0
IQRTPK;0
IEKVEH;0
HPAENG;0
FTPTEK;0
FSKDWS;0
FHPSDI;0
EVDLLK;0
ERIEKV;0
EKDEYA;0
EHSDLS;0
DLLKNG;0
DIEVDL;0
AENGKS;0
YQLENY;0
SLYQLE;0
SHLVEA;0
RGFFYT;0
HLVEAL;0
GSHLVE;0
GFFYTP;0
GERGFF;0
FYTPKT;0
FVNQHL;0
FFYTPK;0
ERGFFY;0
EALYLV;0
NLGPVL;0
LIAGFN;0
RVSVD;0
KKFDD;0
VKVKV;0
KVKVK;0
DPDPD;0
WKPYY;0
PPPHY;0
PTPCY;0
KDHFY;0
YTEYK;0
EPYYK;0
YDPKY;0
KDPYY;0
YEPYK;0
